[{
	"class": "fa fa-500px",
	"label": "500px"
}, {
	"class": "fa fa-amazon",
	"label": "amazon"
}, {
	"class": "fa fa-balance-scale",
	"label": "balance-scale"
}, {
	"class": "fa fa-battery-0",
	"label": "battery-0 (alias)"
}, {
	"class": "fa fa-battery-1",
	"label": "battery-1 (alias)"
}, {
	"class": "fa fa-battery-2",
	"label": "battery-2 (alias)"
}, {
	"class": "fa fa-battery-3",
	"label": "battery-3 (alias)"
}, {
	"class": "fa fa-battery-4",
	"label": "battery-4 (alias)"
}, {
	"class": "fa fa-battery-empty",
	"label": "battery-empty"
}, {
	"class": "fa fa-battery-full",
	"label": "battery-full"
}, {
	"class": "fa fa-battery-half",
	"label": "battery-half"
}, {
	"class": "fa fa-battery-quarter",
	"label": "battery-quarter"
}, {
	"class": "fa fa-battery-three-quarters",
	"label": "battery-three-quarters"
}, {
	"class": "fa fa-black-tie",
	"label": "black-tie"
}, {
	"class": "fa fa-calendar-check-o",
	"label": "calendar-check-o"
}, {
	"class": "fa fa-calendar-minus-o",
	"label": "calendar-minus-o"
}, {
	"class": "fa fa-calendar-plus-o",
	"label": "calendar-plus-o"
}, {
	"class": "fa fa-calendar-times-o",
	"label": "calendar-times-o"
}, {
	"class": "fa fa-cc-diners-club",
	"label": "cc-diners-club"
}, {
	"class": "fa fa-cc-jcb",
	"label": "cc-jcb"
}, {
	"class": "fa fa-chrome",
	"label": "chrome"
}, {
	"class": "fa fa-clone",
	"label": "clone"
}, {
	"class": "fa fa-commenting",
	"label": "commenting"
}, {
	"class": "fa fa-commenting-o",
	"label": "commenting-o"
}, {
	"class": "fa fa-contao",
	"label": "contao"
}, {
	"class": "fa fa-creative-commons",
	"label": "creative-commons"
}, {
	"class": "fa fa-expeditedssl",
	"label": "expeditedssl"
}, {
	"class": "fa fa-firefox",
	"label": "firefox"
}, {
	"class": "fa fa-fonticons",
	"label": "fonticons"
}, {
	"class": "fa fa-genderless",
	"label": "genderless"
}, {
	"class": "fa fa-get-pocket",
	"label": "get-pocket"
}, {
	"class": "fa fa-gg",
	"label": "gg"
}, {
	"class": "fa fa-gg-circle",
	"label": "gg-circle"
}, {
	"class": "fa fa-hand-grab-o",
	"label": "hand-grab-o (alias)"
}, {
	"class": "fa fa-hand-lizard-o",
	"label": "hand-lizard-o"
}, {
	"class": "fa fa-hand-paper-o",
	"label": "hand-paper-o"
}, {
	"class": "fa fa-hand-peace-o",
	"label": "hand-peace-o"
}, {
	"class": "fa fa-hand-pointer-o",
	"label": "hand-pointer-o"
}, {
	"class": "fa fa-hand-rock-o",
	"label": "hand-rock-o"
}, {
	"class": "fa fa-hand-scissors-o",
	"label": "hand-scissors-o"
}, {
	"class": "fa fa-hand-spock-o",
	"label": "hand-spock-o"
}, {
	"class": "fa fa-hand-stop-o",
	"label": "hand-stop-o (alias)"
}, {
	"class": "fa fa-hourglass",
	"label": "hourglass"
}, {
	"class": "fa fa-hourglass-1",
	"label": "hourglass-1 (alias)"
}, {
	"class": "fa fa-hourglass-2",
	"label": "hourglass-2 (alias)"
}, {
	"class": "fa fa-hourglass-3",
	"label": "hourglass-3 (alias)"
}, {
	"class": "fa fa-hourglass-end",
	"label": "hourglass-end"
}, {
	"class": "fa fa-hourglass-half",
	"label": "hourglass-half"
}, {
	"class": "fa fa-hourglass-o",
	"label": "hourglass-o"
}, {
	"class": "fa fa-hourglass-start",
	"label": "hourglass-start"
}, {
	"class": "fa fa-houzz",
	"label": "houzz"
}, {
	"class": "fa fa-i-cursor",
	"label": "i-cursor"
}, {
	"class": "fa fa-industry",
	"label": "industry"
}, {
	"class": "fa fa-internet-explorer",
	"label": "internet-explorer"
}, {
	"class": "fa fa-map",
	"label": "map"
}, {
	"class": "fa fa-map-o",
	"label": "map-o"
}, {
	"class": "fa fa-map-pin",
	"label": "map-pin"
}, {
	"class": "fa fa-map-signs",
	"label": "map-signs"
}, {
	"class": "fa fa-mouse-pointer",
	"label": "mouse-pointer"
}, {
	"class": "fa fa-object-group",
	"label": "object-group"
}, {
	"class": "fa fa-object-ungroup",
	"label": "object-ungroup"
}, {
	"class": "fa fa-odnoklassniki",
	"label": "odnoklassniki"
}, {
	"class": "fa fa-odnoklassniki-square",
	"label": "odnoklassniki-square"
}, {
	"class": "fa fa-opencart",
	"label": "opencart"
}, {
	"class": "fa fa-opera",
	"label": "opera"
}, {
	"class": "fa fa-optin-monster",
	"label": "optin-monster"
}, {
	"class": "fa fa-registered",
	"label": "registered"
}, {
	"class": "fa fa-safari",
	"label": "safari"
}, {
	"class": "fa fa-sticky-note",
	"label": "sticky-note"
}, {
	"class": "fa fa-sticky-note-o",
	"label": "sticky-note-o"
}, {
	"class": "fa fa-television",
	"label": "television"
}, {
	"class": "fa fa-trademark",
	"label": "trademark"
}, {
	"class": "fa fa-tripadvisor",
	"label": "tripadvisor"
}, {
	"class": "fa fa-tv",
	"label": "tv (alias)"
}, {
	"class": "fa fa-vimeo",
	"label": "vimeo"
}, {
	"class": "fa fa-wikipedia-w",
	"label": "wikipedia-w"
}, {
	"class": "fa fa-y-combinator",
	"label": "y-combinator"
}, {
	"class": "fa fa-yc",
	"label": "yc (alias)"
}, {
	"class": "fa fa-adjust",
	"label": "adjust"
}, {
	"class": "fa fa-anchor",
	"label": "anchor"
}, {
	"class": "fa fa-archive",
	"label": "archive"
}, {
	"class": "fa fa-area-chart",
	"label": "area-chart"
}, {
	"class": "fa fa-arrows",
	"label": "arrows"
}, {
	"class": "fa fa-arrows-h",
	"label": "arrows-h"
}, {
	"class": "fa fa-arrows-v",
	"label": "arrows-v"
}, {
	"class": "fa fa-asterisk",
	"label": "asterisk"
}, {
	"class": "fa fa-at",
	"label": "at"
}, {
	"class": "fa fa-automobile",
	"label": "automobile (alias)"
}, {
	"class": "fa fa-balance-scale",
	"label": "balance-scale"
}, {
	"class": "fa fa-ban",
	"label": "ban"
}, {
	"class": "fa fa-bank",
	"label": "bank (alias)"
}, {
	"class": "fa fa-bar-chart",
	"label": "bar-chart"
}, {
	"class": "fa fa-bar-chart-o",
	"label": "bar-chart-o (alias)"
}, {
	"class": "fa fa-barcode",
	"label": "barcode"
}, {
	"class": "fa fa-bars",
	"label": "bars"
}, {
	"class": "fa fa-battery-0",
	"label": "battery-0 (alias)"
}, {
	"class": "fa fa-battery-1",
	"label": "battery-1 (alias)"
}, {
	"class": "fa fa-battery-2",
	"label": "battery-2 (alias)"
}, {
	"class": "fa fa-battery-3",
	"label": "battery-3 (alias)"
}, {
	"class": "fa fa-battery-4",
	"label": "battery-4 (alias)"
}, {
	"class": "fa fa-battery-empty",
	"label": "battery-empty"
}, {
	"class": "fa fa-battery-full",
	"label": "battery-full"
}, {
	"class": "fa fa-battery-half",
	"label": "battery-half"
}, {
	"class": "fa fa-battery-quarter",
	"label": "battery-quarter"
}, {
	"class": "fa fa-battery-three-quarters",
	"label": "battery-three-quarters"
}, {
	"class": "fa fa-bed",
	"label": "bed"
}, {
	"class": "fa fa-beer",
	"label": "beer"
}, {
	"class": "fa fa-bell",
	"label": "bell"
}, {
	"class": "fa fa-bell-o",
	"label": "bell-o"
}, {
	"class": "fa fa-bell-slash",
	"label": "bell-slash"
}, {
	"class": "fa fa-bell-slash-o",
	"label": "bell-slash-o"
}, {
	"class": "fa fa-bicycle",
	"label": "bicycle"
}, {
	"class": "fa fa-binoculars",
	"label": "binoculars"
}, {
	"class": "fa fa-birthday-cake",
	"label": "birthday-cake"
}, {
	"class": "fa fa-bolt",
	"label": "bolt"
}, {
	"class": "fa fa-bomb",
	"label": "bomb"
}, {
	"class": "fa fa-book",
	"label": "book"
}, {
	"class": "fa fa-bookmark",
	"label": "bookmark"
}, {
	"class": "fa fa-bookmark-o",
	"label": "bookmark-o"
}, {
	"class": "fa fa-briefcase",
	"label": "briefcase"
}, {
	"class": "fa fa-bug",
	"label": "bug"
}, {
	"class": "fa fa-building",
	"label": "building"
}, {
	"class": "fa fa-building-o",
	"label": "building-o"
}, {
	"class": "fa fa-bullhorn",
	"label": "bullhorn"
}, {
	"class": "fa fa-bullseye",
	"label": "bullseye"
}, {
	"class": "fa fa-bus",
	"label": "bus"
}, {
	"class": "fa fa-cab",
	"label": "cab (alias)"
}, {
	"class": "fa fa-calculator",
	"label": "calculator"
}, {
	"class": "fa fa-calendar",
	"label": "calendar"
}, {
	"class": "fa fa-calendar-check-o",
	"label": "calendar-check-o"
}, {
	"class": "fa fa-calendar-minus-o",
	"label": "calendar-minus-o"
}, {
	"class": "fa fa-calendar-o",
	"label": "calendar-o"
}, {
	"class": "fa fa-calendar-plus-o",
	"label": "calendar-plus-o"
}, {
	"class": "fa fa-calendar-times-o",
	"label": "calendar-times-o"
}, {
	"class": "fa fa-camera",
	"label": "camera"
}, {
	"class": "fa fa-camera-retro",
	"label": "camera-retro"
}, {
	"class": "fa fa-car",
	"label": "car"
}, {
	"class": "fa fa-caret-square-o-down",
	"label": "caret-square-o-down"
}, {
	"class": "fa fa-caret-square-o-left",
	"label": "caret-square-o-left"
}, {
	"class": "fa fa-caret-square-o-right",
	"label": "caret-square-o-right"
}, {
	"class": "fa fa-caret-square-o-up",
	"label": "caret-square-o-up"
}, {
	"class": "fa fa-cart-arrow-down",
	"label": "cart-arrow-down"
}, {
	"class": "fa fa-cart-plus",
	"label": "cart-plus"
}, {
	"class": "fa fa-cc",
	"label": "cc"
}, {
	"class": "fa fa-certificate",
	"label": "certificate"
}, {
	"class": "fa fa-check",
	"label": "check"
}, {
	"class": "fa fa-check-circle",
	"label": "check-circle"
}, {
	"class": "fa fa-check-circle-o",
	"label": "check-circle-o"
}, {
	"class": "fa fa-check-square",
	"label": "check-square"
}, {
	"class": "fa fa-check-square-o",
	"label": "check-square-o"
}, {
	"class": "fa fa-child",
	"label": "child"
}, {
	"class": "fa fa-circle",
	"label": "circle"
}, {
	"class": "fa fa-circle-o",
	"label": "circle-o"
}, {
	"class": "fa fa-circle-o-notch",
	"label": "circle-o-notch"
}, {
	"class": "fa fa-circle-thin",
	"label": "circle-thin"
}, {
	"class": "fa fa-clock-o",
	"label": "clock-o"
}, {
	"class": "fa fa-clone",
	"label": "clone"
}, {
	"class": "fa fa-close",
	"label": "close (alias)"
}, {
	"class": "fa fa-cloud",
	"label": "cloud"
}, {
	"class": "fa fa-cloud-download",
	"label": "cloud-download"
}, {
	"class": "fa fa-cloud-upload",
	"label": "cloud-upload"
}, {
	"class": "fa fa-code",
	"label": "code"
}, {
	"class": "fa fa-code-fork",
	"label": "code-fork"
}, {
	"class": "fa fa-coffee",
	"label": "coffee"
}, {
	"class": "fa fa-cog",
	"label": "cog"
}, {
	"class": "fa fa-cogs",
	"label": "cogs"
}, {
	"class": "fa fa-comment",
	"label": "comment"
}, {
	"class": "fa fa-comment-o",
	"label": "comment-o"
}, {
	"class": "fa fa-commenting",
	"label": "commenting"
}, {
	"class": "fa fa-commenting-o",
	"label": "commenting-o"
}, {
	"class": "fa fa-comments",
	"label": "comments"
}, {
	"class": "fa fa-comments-o",
	"label": "comments-o"
}, {
	"class": "fa fa-compass",
	"label": "compass"
}, {
	"class": "fa fa-copyright",
	"label": "copyright"
}, {
	"class": "fa fa-creative-commons",
	"label": "creative-commons"
}, {
	"class": "fa fa-credit-card",
	"label": "credit-card"
}, {
	"class": "fa fa-crop",
	"label": "crop"
}, {
	"class": "fa fa-crosshairs",
	"label": "crosshairs"
}, {
	"class": "fa fa-cube",
	"label": "cube"
}, {
	"class": "fa fa-cubes",
	"label": "cubes"
}, {
	"class": "fa fa-cutlery",
	"label": "cutlery"
}, {
	"class": "fa fa-dashboard",
	"label": "dashboard (alias)"
}, {
	"class": "fa fa-database",
	"label": "database"
}, {
	"class": "fa fa-desktop",
	"label": "desktop"
}, {
	"class": "fa fa-diamond",
	"label": "diamond"
}, {
	"class": "fa fa-dot-circle-o",
	"label": "dot-circle-o"
}, {
	"class": "fa fa-download",
	"label": "download"
}, {
	"class": "fa fa-edit",
	"label": "edit (alias)"
}, {
	"class": "fa fa-ellipsis-h",
	"label": "ellipsis-h"
}, {
	"class": "fa fa-ellipsis-v",
	"label": "ellipsis-v"
}, {
	"class": "fa fa-envelope",
	"label": "envelope"
}, {
	"class": "fa fa-envelope-o",
	"label": "envelope-o"
}, {
	"class": "fa fa-envelope-square",
	"label": "envelope-square"
}, {
	"class": "fa fa-eraser",
	"label": "eraser"
}, {
	"class": "fa fa-exchange",
	"label": "exchange"
}, {
	"class": "fa fa-exclamation",
	"label": "exclamation"
}, {
	"class": "fa fa-exclamation-circle",
	"label": "exclamation-circle"
}, {
	"class": "fa fa-exclamation-triangle",
	"label": "exclamation-triangle"
}, {
	"class": "fa fa-external-link",
	"label": "external-link"
}, {
	"class": "fa fa-external-link-square",
	"label": "external-link-square"
}, {
	"class": "fa fa-eye",
	"label": "eye"
}, {
	"class": "fa fa-eye-slash",
	"label": "eye-slash"
}, {
	"class": "fa fa-eyedropper",
	"label": "eyedropper"
}, {
	"class": "fa fa-fax",
	"label": "fax"
}, {
	"class": "fa fa-feed",
	"label": "feed (alias)"
}, {
	"class": "fa fa-female",
	"label": "female"
}, {
	"class": "fa fa-fighter-jet",
	"label": "fighter-jet"
}, {
	"class": "fa fa-file-archive-o",
	"label": "file-archive-o"
}, {
	"class": "fa fa-file-audio-o",
	"label": "file-audio-o"
}, {
	"class": "fa fa-file-code-o",
	"label": "file-code-o"
}, {
	"class": "fa fa-file-excel-o",
	"label": "file-excel-o"
}, {
	"class": "fa fa-file-image-o",
	"label": "file-image-o"
}, {
	"class": "fa fa-file-movie-o",
	"label": "file-movie-o (alias)"
}, {
	"class": "fa fa-file-pdf-o",
	"label": "file-pdf-o"
}, {
	"class": "fa fa-file-photo-o",
	"label": "file-photo-o (alias)"
}, {
	"class": "fa fa-file-picture-o",
	"label": "file-picture-o (alias)"
}, {
	"class": "fa fa-file-powerpoint-o",
	"label": "file-powerpoint-o"
}, {
	"class": "fa fa-file-sound-o",
	"label": "file-sound-o (alias)"
}, {
	"class": "fa fa-file-video-o",
	"label": "file-video-o"
}, {
	"class": "fa fa-file-word-o",
	"label": "file-word-o"
}, {
	"class": "fa fa-file-zip-o",
	"label": "file-zip-o (alias)"
}, {
	"class": "fa fa-film",
	"label": "film"
}, {
	"class": "fa fa-filter",
	"label": "filter"
}, {
	"class": "fa fa-fire",
	"label": "fire"
}, {
	"class": "fa fa-fire-extinguisher",
	"label": "fire-extinguisher"
}, {
	"class": "fa fa-flag",
	"label": "flag"
}, {
	"class": "fa fa-flag-checkered",
	"label": "flag-checkered"
}, {
	"class": "fa fa-flag-o",
	"label": "flag-o"
}, {
	"class": "fa fa-flash",
	"label": "flash (alias)"
}, {
	"class": "fa fa-flask",
	"label": "flask"
}, {
	"class": "fa fa-folder",
	"label": "folder"
}, {
	"class": "fa fa-folder-o",
	"label": "folder-o"
}, {
	"class": "fa fa-folder-open",
	"label": "folder-open"
}, {
	"class": "fa fa-folder-open-o",
	"label": "folder-open-o"
}, {
	"class": "fa fa-frown-o",
	"label": "frown-o"
}, {
	"class": "fa fa-futbol-o",
	"label": "futbol-o"
}, {
	"class": "fa fa-gamepad",
	"label": "gamepad"
}, {
	"class": "fa fa-gavel",
	"label": "gavel"
}, {
	"class": "fa fa-gear",
	"label": "gear (alias)"
}, {
	"class": "fa fa-gears",
	"label": "gears (alias)"
}, {
	"class": "fa fa-gift",
	"label": "gift"
}, {
	"class": "fa fa-glass",
	"label": "glass"
}, {
	"class": "fa fa-globe",
	"label": "globe"
}, {
	"class": "fa fa-graduation-cap",
	"label": "graduation-cap"
}, {
	"class": "fa fa-group",
	"label": "group (alias)"
}, {
	"class": "fa fa-hand-grab-o",
	"label": "hand-grab-o (alias)"
}, {
	"class": "fa fa-hand-lizard-o",
	"label": "hand-lizard-o"
}, {
	"class": "fa fa-hand-paper-o",
	"label": "hand-paper-o"
}, {
	"class": "fa fa-hand-peace-o",
	"label": "hand-peace-o"
}, {
	"class": "fa fa-hand-pointer-o",
	"label": "hand-pointer-o"
}, {
	"class": "fa fa-hand-rock-o",
	"label": "hand-rock-o"
}, {
	"class": "fa fa-hand-scissors-o",
	"label": "hand-scissors-o"
}, {
	"class": "fa fa-hand-spock-o",
	"label": "hand-spock-o"
}, {
	"class": "fa fa-hand-stop-o",
	"label": "hand-stop-o (alias)"
}, {
	"class": "fa fa-hdd-o",
	"label": "hdd-o"
}, {
	"class": "fa fa-headphones",
	"label": "headphones"
}, {
	"class": "fa fa-heart",
	"label": "heart"
}, {
	"class": "fa fa-heart-o",
	"label": "heart-o"
}, {
	"class": "fa fa-heartbeat",
	"label": "heartbeat"
}, {
	"class": "fa fa-history",
	"label": "history"
}, {
	"class": "fa fa-home",
	"label": "home"
}, {
	"class": "fa fa-hotel",
	"label": "hotel (alias)"
}, {
	"class": "fa fa-hourglass",
	"label": "hourglass"
}, {
	"class": "fa fa-hourglass-1",
	"label": "hourglass-1 (alias)"
}, {
	"class": "fa fa-hourglass-2",
	"label": "hourglass-2 (alias)"
}, {
	"class": "fa fa-hourglass-3",
	"label": "hourglass-3 (alias)"
}, {
	"class": "fa fa-hourglass-end",
	"label": "hourglass-end"
}, {
	"class": "fa fa-hourglass-half",
	"label": "hourglass-half"
}, {
	"class": "fa fa-hourglass-o",
	"label": "hourglass-o"
}, {
	"class": "fa fa-hourglass-start",
	"label": "hourglass-start"
}, {
	"class": "fa fa-i-cursor",
	"label": "i-cursor"
}, {
	"class": "fa fa-image",
	"label": "image (alias)"
}, {
	"class": "fa fa-inbox",
	"label": "inbox"
}, {
	"class": "fa fa-industry",
	"label": "industry"
}, {
	"class": "fa fa-info",
	"label": "info"
}, {
	"class": "fa fa-info-circle",
	"label": "info-circle"
}, {
	"class": "fa fa-institution",
	"label": "institution (alias)"
}, {
	"class": "fa fa-key",
	"label": "key"
}, {
	"class": "fa fa-keyboard-o",
	"label": "keyboard-o"
}, {
	"class": "fa fa-language",
	"label": "language"
}, {
	"class": "fa fa-laptop",
	"label": "laptop"
}, {
	"class": "fa fa-leaf",
	"label": "leaf"
}, {
	"class": "fa fa-legal",
	"label": "legal (alias)"
}, {
	"class": "fa fa-lemon-o",
	"label": "lemon-o"
}, {
	"class": "fa fa-level-down",
	"label": "level-down"
}, {
	"class": "fa fa-level-up",
	"label": "level-up"
}, {
	"class": "fa fa-life-bouy",
	"label": "life-bouy (alias)"
}, {
	"class": "fa fa-life-buoy",
	"label": "life-buoy (alias)"
}, {
	"class": "fa fa-life-ring",
	"label": "life-ring"
}, {
	"class": "fa fa-life-saver",
	"label": "life-saver (alias)"
}, {
	"class": "fa fa-lightbulb-o",
	"label": "lightbulb-o"
}, {
	"class": "fa fa-line-chart",
	"label": "line-chart"
}, {
	"class": "fa fa-location-arrow",
	"label": "location-arrow"
}, {
	"class": "fa fa-lock",
	"label": "lock"
}, {
	"class": "fa fa-magic",
	"label": "magic"
}, {
	"class": "fa fa-magnet",
	"label": "magnet"
}, {
	"class": "fa fa-mail-forward",
	"label": "mail-forward (alias)"
}, {
	"class": "fa fa-mail-reply",
	"label": "mail-reply (alias)"
}, {
	"class": "fa fa-mail-reply-all",
	"label": "mail-reply-all (alias)"
}, {
	"class": "fa fa-male",
	"label": "male"
}, {
	"class": "fa fa-map",
	"label": "map"
}, {
	"class": "fa fa-map-marker",
	"label": "map-marker"
}, {
	"class": "fa fa-map-o",
	"label": "map-o"
}, {
	"class": "fa fa-map-pin",
	"label": "map-pin"
}, {
	"class": "fa fa-map-signs",
	"label": "map-signs"
}, {
	"class": "fa fa-meh-o",
	"label": "meh-o"
}, {
	"class": "fa fa-microphone",
	"label": "microphone"
}, {
	"class": "fa fa-microphone-slash",
	"label": "microphone-slash"
}, {
	"class": "fa fa-minus",
	"label": "minus"
}, {
	"class": "fa fa-minus-circle",
	"label": "minus-circle"
}, {
	"class": "fa fa-minus-square",
	"label": "minus-square"
}, {
	"class": "fa fa-minus-square-o",
	"label": "minus-square-o"
}, {
	"class": "fa fa-mobile",
	"label": "mobile"
}, {
	"class": "fa fa-mobile-phone",
	"label": "mobile-phone (alias)"
}, {
	"class": "fa fa-money",
	"label": "money"
}, {
	"class": "fa fa-moon-o",
	"label": "moon-o"
}, {
	"class": "fa fa-mortar-board",
	"label": "mortar-board (alias)"
}, {
	"class": "fa fa-motorcycle",
	"label": "motorcycle"
}, {
	"class": "fa fa-mouse-pointer",
	"label": "mouse-pointer"
}, {
	"class": "fa fa-music",
	"label": "music"
}, {
	"class": "fa fa-navicon",
	"label": "navicon (alias)"
}, {
	"class": "fa fa-newspaper-o",
	"label": "newspaper-o"
}, {
	"class": "fa fa-object-group",
	"label": "object-group"
}, {
	"class": "fa fa-object-ungroup",
	"label": "object-ungroup"
}, {
	"class": "fa fa-paint-brush",
	"label": "paint-brush"
}, {
	"class": "fa fa-paper-plane",
	"label": "paper-plane"
}, {
	"class": "fa fa-paper-plane-o",
	"label": "paper-plane-o"
}, {
	"class": "fa fa-paw",
	"label": "paw"
}, {
	"class": "fa fa-pencil",
	"label": "pencil"
}, {
	"class": "fa fa-pencil-square",
	"label": "pencil-square"
}, {
	"class": "fa fa-pencil-square-o",
	"label": "pencil-square-o"
}, {
	"class": "fa fa-phone",
	"label": "phone"
}, {
	"class": "fa fa-phone-square",
	"label": "phone-square"
}, {
	"class": "fa fa-photo",
	"label": "photo (alias)"
}, {
	"class": "fa fa-picture-o",
	"label": "picture-o"
}, {
	"class": "fa fa-pie-chart",
	"label": "pie-chart"
}, {
	"class": "fa fa-plane",
	"label": "plane"
}, {
	"class": "fa fa-plug",
	"label": "plug"
}, {
	"class": "fa fa-plus",
	"label": "plus"
}, {
	"class": "fa fa-plus-circle",
	"label": "plus-circle"
}, {
	"class": "fa fa-plus-square",
	"label": "plus-square"
}, {
	"class": "fa fa-plus-square-o",
	"label": "plus-square-o"
}, {
	"class": "fa fa-power-off",
	"label": "power-off"
}, {
	"class": "fa fa-print",
	"label": "print"
}, {
	"class": "fa fa-puzzle-piece",
	"label": "puzzle-piece"
}, {
	"class": "fa fa-qrcode",
	"label": "qrcode"
}, {
	"class": "fa fa-question",
	"label": "question"
}, {
	"class": "fa fa-question-circle",
	"label": "question-circle"
}, {
	"class": "fa fa-quote-left",
	"label": "quote-left"
}, {
	"class": "fa fa-quote-right",
	"label": "quote-right"
}, {
	"class": "fa fa-random",
	"label": "random"
}, {
	"class": "fa fa-recycle",
	"label": "recycle"
}, {
	"class": "fa fa-refresh",
	"label": "refresh"
}, {
	"class": "fa fa-registered",
	"label": "registered"
}, {
	"class": "fa fa-remove",
	"label": "remove (alias)"
}, {
	"class": "fa fa-reorder",
	"label": "reorder (alias)"
}, {
	"class": "fa fa-reply",
	"label": "reply"
}, {
	"class": "fa fa-reply-all",
	"label": "reply-all"
}, {
	"class": "fa fa-retweet",
	"label": "retweet"
}, {
	"class": "fa fa-road",
	"label": "road"
}, {
	"class": "fa fa-rocket",
	"label": "rocket"
}, {
	"class": "fa fa-rss",
	"label": "rss"
}, {
	"class": "fa fa-rss-square",
	"label": "rss-square"
}, {
	"class": "fa fa-search",
	"label": "search"
}, {
	"class": "fa fa-search-minus",
	"label": "search-minus"
}, {
	"class": "fa fa-search-plus",
	"label": "search-plus"
}, {
	"class": "fa fa-send",
	"label": "send (alias)"
}, {
	"class": "fa fa-send-o",
	"label": "send-o (alias)"
}, {
	"class": "fa fa-server",
	"label": "server"
}, {
	"class": "fa fa-share",
	"label": "share"
}, {
	"class": "fa fa-share-alt",
	"label": "share-alt"
}, {
	"class": "fa fa-share-alt-square",
	"label": "share-alt-square"
}, {
	"class": "fa fa-share-square",
	"label": "share-square"
}, {
	"class": "fa fa-share-square-o",
	"label": "share-square-o"
}, {
	"class": "fa fa-shield",
	"label": "shield"
}, {
	"class": "fa fa-ship",
	"label": "ship"
}, {
	"class": "fa fa-shopping-cart",
	"label": "shopping-cart"
}, {
	"class": "fa fa-sign-in",
	"label": "sign-in"
}, {
	"class": "fa fa-sign-out",
	"label": "sign-out"
}, {
	"class": "fa fa-signal",
	"label": "signal"
}, {
	"class": "fa fa-sitemap",
	"label": "sitemap"
}, {
	"class": "fa fa-sliders",
	"label": "sliders"
}, {
	"class": "fa fa-smile-o",
	"label": "smile-o"
}, {
	"class": "fa fa-soccer-ball-o",
	"label": "soccer-ball-o (alias)"
}, {
	"class": "fa fa-sort",
	"label": "sort"
}, {
	"class": "fa fa-sort-alpha-asc",
	"label": "sort-alpha-asc"
}, {
	"class": "fa fa-sort-alpha-desc",
	"label": "sort-alpha-desc"
}, {
	"class": "fa fa-sort-amount-asc",
	"label": "sort-amount-asc"
}, {
	"class": "fa fa-sort-amount-desc",
	"label": "sort-amount-desc"
}, {
	"class": "fa fa-sort-asc",
	"label": "sort-asc"
}, {
	"class": "fa fa-sort-desc",
	"label": "sort-desc"
}, {
	"class": "fa fa-sort-down",
	"label": "sort-down (alias)"
}, {
	"class": "fa fa-sort-numeric-asc",
	"label": "sort-numeric-asc"
}, {
	"class": "fa fa-sort-numeric-desc",
	"label": "sort-numeric-desc"
}, {
	"class": "fa fa-sort-up",
	"label": "sort-up (alias)"
}, {
	"class": "fa fa-space-shuttle",
	"label": "space-shuttle"
}, {
	"class": "fa fa-spinner",
	"label": "spinner"
}, {
	"class": "fa fa-spoon",
	"label": "spoon"
}, {
	"class": "fa fa-square",
	"label": "square"
}, {
	"class": "fa fa-square-o",
	"label": "square-o"
}, {
	"class": "fa fa-star",
	"label": "star"
}, {
	"class": "fa fa-star-half",
	"label": "star-half"
}, {
	"class": "fa fa-star-half-empty",
	"label": "star-half-empty (alias)"
}, {
	"class": "fa fa-star-half-full",
	"label": "star-half-full (alias)"
}, {
	"class": "fa fa-star-half-o",
	"label": "star-half-o"
}, {
	"class": "fa fa-star-o",
	"label": "star-o"
}, {
	"class": "fa fa-sticky-note",
	"label": "sticky-note"
}, {
	"class": "fa fa-sticky-note-o",
	"label": "sticky-note-o"
}, {
	"class": "fa fa-street-view",
	"label": "street-view"
}, {
	"class": "fa fa-suitcase",
	"label": "suitcase"
}, {
	"class": "fa fa-sun-o",
	"label": "sun-o"
}, {
	"class": "fa fa-support",
	"label": "support (alias)"
}, {
	"class": "fa fa-tablet",
	"label": "tablet"
}, {
	"class": "fa fa-tachometer",
	"label": "tachometer"
}, {
	"class": "fa fa-tag",
	"label": "tag"
}, {
	"class": "fa fa-tags",
	"label": "tags"
}, {
	"class": "fa fa-tasks",
	"label": "tasks"
}, {
	"class": "fa fa-taxi",
	"label": "taxi"
}, {
	"class": "fa fa-television",
	"label": "television"
}, {
	"class": "fa fa-terminal",
	"label": "terminal"
}, {
	"class": "fa fa-thumb-tack",
	"label": "thumb-tack"
}, {
	"class": "fa fa-thumbs-down",
	"label": "thumbs-down"
}, {
	"class": "fa fa-thumbs-o-down",
	"label": "thumbs-o-down"
}, {
	"class": "fa fa-thumbs-o-up",
	"label": "thumbs-o-up"
}, {
	"class": "fa fa-thumbs-up",
	"label": "thumbs-up"
}, {
	"class": "fa fa-ticket",
	"label": "ticket"
}, {
	"class": "fa fa-times",
	"label": "times"
}, {
	"class": "fa fa-times-circle",
	"label": "times-circle"
}, {
	"class": "fa fa-times-circle-o",
	"label": "times-circle-o"
}, {
	"class": "fa fa-tint",
	"label": "tint"
}, {
	"class": "fa fa-toggle-down",
	"label": "toggle-down (alias)"
}, {
	"class": "fa fa-toggle-left",
	"label": "toggle-left (alias)"
}, {
	"class": "fa fa-toggle-off",
	"label": "toggle-off"
}, {
	"class": "fa fa-toggle-on",
	"label": "toggle-on"
}, {
	"class": "fa fa-toggle-right",
	"label": "toggle-right (alias)"
}, {
	"class": "fa fa-toggle-up",
	"label": "toggle-up (alias)"
}, {
	"class": "fa fa-trademark",
	"label": "trademark"
}, {
	"class": "fa fa-trash",
	"label": "trash"
}, {
	"class": "fa fa-trash-o",
	"label": "trash-o"
}, {
	"class": "fa fa-tree",
	"label": "tree"
}, {
	"class": "fa fa-trophy",
	"label": "trophy"
}, {
	"class": "fa fa-truck",
	"label": "truck"
}, {
	"class": "fa fa-tty",
	"label": "tty"
}, {
	"class": "fa fa-tv",
	"label": "tv (alias)"
}, {
	"class": "fa fa-umbrella",
	"label": "umbrella"
}, {
	"class": "fa fa-university",
	"label": "university"
}, {
	"class": "fa fa-unlock",
	"label": "unlock"
}, {
	"class": "fa fa-unlock-alt",
	"label": "unlock-alt"
}, {
	"class": "fa fa-unsorted",
	"label": "unsorted (alias)"
}, {
	"class": "fa fa-upload",
	"label": "upload"
}, {
	"class": "fa fa-user",
	"label": "user"
}, {
	"class": "fa fa-user-plus",
	"label": "user-plus"
}, {
	"class": "fa fa-user-secret",
	"label": "user-secret"
}, {
	"class": "fa fa-user-times",
	"label": "user-times"
}, {
	"class": "fa fa-users",
	"label": "users"
}, {
	"class": "fa fa-video-camera",
	"label": "video-camera"
}, {
	"class": "fa fa-volume-down",
	"label": "volume-down"
}, {
	"class": "fa fa-volume-off",
	"label": "volume-off"
}, {
	"class": "fa fa-volume-up",
	"label": "volume-up"
}, {
	"class": "fa fa-warning",
	"label": "warning (alias)"
}, {
	"class": "fa fa-wheelchair",
	"label": "wheelchair"
}, {
	"class": "fa fa-wifi",
	"label": "wifi"
}, {
	"class": "fa fa-wrench",
	"label": "wrench"
}, {
	"class": "fa fa-hand-grab-o",
	"label": "hand-grab-o (alias)"
}, {
	"class": "fa fa-hand-lizard-o",
	"label": "hand-lizard-o"
}, {
	"class": "fa fa-hand-o-down",
	"label": "hand-o-down"
}, {
	"class": "fa fa-hand-o-left",
	"label": "hand-o-left"
}, {
	"class": "fa fa-hand-o-right",
	"label": "hand-o-right"
}, {
	"class": "fa fa-hand-o-up",
	"label": "hand-o-up"
}, {
	"class": "fa fa-hand-paper-o",
	"label": "hand-paper-o"
}, {
	"class": "fa fa-hand-peace-o",
	"label": "hand-peace-o"
}, {
	"class": "fa fa-hand-pointer-o",
	"label": "hand-pointer-o"
}, {
	"class": "fa fa-hand-rock-o",
	"label": "hand-rock-o"
}, {
	"class": "fa fa-hand-scissors-o",
	"label": "hand-scissors-o"
}, {
	"class": "fa fa-hand-spock-o",
	"label": "hand-spock-o"
}, {
	"class": "fa fa-hand-stop-o",
	"label": "hand-stop-o (alias)"
}, {
	"class": "fa fa-thumbs-down",
	"label": "thumbs-down"
}, {
	"class": "fa fa-thumbs-o-down",
	"label": "thumbs-o-down"
}, {
	"class": "fa fa-thumbs-o-up",
	"label": "thumbs-o-up"
}, {
	"class": "fa fa-thumbs-up",
	"label": "thumbs-up"
}, {
	"class": "fa fa-ambulance",
	"label": "ambulance"
}, {
	"class": "fa fa-automobile",
	"label": "automobile (alias)"
}, {
	"class": "fa fa-bicycle",
	"label": "bicycle"
}, {
	"class": "fa fa-bus",
	"label": "bus"
}, {
	"class": "fa fa-cab",
	"label": "cab (alias)"
}, {
	"class": "fa fa-car",
	"label": "car"
}, {
	"class": "fa fa-fighter-jet",
	"label": "fighter-jet"
}, {
	"class": "fa fa-motorcycle",
	"label": "motorcycle"
}, {
	"class": "fa fa-plane",
	"label": "plane"
}, {
	"class": "fa fa-rocket",
	"label": "rocket"
}, {
	"class": "fa fa-ship",
	"label": "ship"
}, {
	"class": "fa fa-space-shuttle",
	"label": "space-shuttle"
}, {
	"class": "fa fa-subway",
	"label": "subway"
}, {
	"class": "fa fa-taxi",
	"label": "taxi"
}, {
	"class": "fa fa-train",
	"label": "train"
}, {
	"class": "fa fa-truck",
	"label": "truck"
}, {
	"class": "fa fa-wheelchair",
	"label": "wheelchair"
}, {
	"class": "fa fa-genderless",
	"label": "genderless"
}, {
	"class": "fa fa-intersex",
	"label": "intersex (alias)"
}, {
	"class": "fa fa-mars",
	"label": "mars"
}, {
	"class": "fa fa-mars-double",
	"label": "mars-double"
}, {
	"class": "fa fa-mars-stroke",
	"label": "mars-stroke"
}, {
	"class": "fa fa-mars-stroke-h",
	"label": "mars-stroke-h"
}, {
	"class": "fa fa-mars-stroke-v",
	"label": "mars-stroke-v"
}, {
	"class": "fa fa-mercury",
	"label": "mercury"
}, {
	"class": "fa fa-neuter",
	"label": "neuter"
}, {
	"class": "fa fa-transgender",
	"label": "transgender"
}, {
	"class": "fa fa-transgender-alt",
	"label": "transgender-alt"
}, {
	"class": "fa fa-venus",
	"label": "venus"
}, {
	"class": "fa fa-venus-double",
	"label": "venus-double"
}, {
	"class": "fa fa-venus-mars",
	"label": "venus-mars"
}, {
	"class": "fa fa-file",
	"label": "file"
}, {
	"class": "fa fa-file-archive-o",
	"label": "file-archive-o"
}, {
	"class": "fa fa-file-audio-o",
	"label": "file-audio-o"
}, {
	"class": "fa fa-file-code-o",
	"label": "file-code-o"
}, {
	"class": "fa fa-file-excel-o",
	"label": "file-excel-o"
}, {
	"class": "fa fa-file-image-o",
	"label": "file-image-o"
}, {
	"class": "fa fa-file-movie-o",
	"label": "file-movie-o (alias)"
}, {
	"class": "fa fa-file-o",
	"label": "file-o"
}, {
	"class": "fa fa-file-pdf-o",
	"label": "file-pdf-o"
}, {
	"class": "fa fa-file-photo-o",
	"label": "file-photo-o (alias)"
}, {
	"class": "fa fa-file-picture-o",
	"label": "file-picture-o (alias)"
}, {
	"class": "fa fa-file-powerpoint-o",
	"label": "file-powerpoint-o"
}, {
	"class": "fa fa-file-sound-o",
	"label": "file-sound-o (alias)"
}, {
	"class": "fa fa-file-text",
	"label": "file-text"
}, {
	"class": "fa fa-file-text-o",
	"label": "file-text-o"
}, {
	"class": "fa fa-file-video-o",
	"label": "file-video-o"
}, {
	"class": "fa fa-file-word-o",
	"label": "file-word-o"
}, {
	"class": "fa fa-file-zip-o",
	"label": "file-zip-o (alias)"
}, {
	"class": "fa fa-circle-o-notch",
	"label": "circle-o-notch"
}, {
	"class": "fa fa-cog",
	"label": "cog"
}, {
	"class": "fa fa-gear",
	"label": "gear (alias)"
}, {
	"class": "fa fa-refresh",
	"label": "refresh"
}, {
	"class": "fa fa-spinner",
	"label": "spinner"
}, {
	"class": "fa fa-check-square",
	"label": "check-square"
}, {
	"class": "fa fa-check-square-o",
	"label": "check-square-o"
}, {
	"class": "fa fa-circle",
	"label": "circle"
}, {
	"class": "fa fa-circle-o",
	"label": "circle-o"
}, {
	"class": "fa fa-dot-circle-o",
	"label": "dot-circle-o"
}, {
	"class": "fa fa-minus-square",
	"label": "minus-square"
}, {
	"class": "fa fa-minus-square-o",
	"label": "minus-square-o"
}, {
	"class": "fa fa-plus-square",
	"label": "plus-square"
}, {
	"class": "fa fa-plus-square-o",
	"label": "plus-square-o"
}, {
	"class": "fa fa-square",
	"label": "square"
}, {
	"class": "fa fa-square-o",
	"label": "square-o"
}, {
	"class": "fa fa-cc-amex",
	"label": "cc-amex"
}, {
	"class": "fa fa-cc-diners-club",
	"label": "cc-diners-club"
}, {
	"class": "fa fa-cc-discover",
	"label": "cc-discover"
}, {
	"class": "fa fa-cc-jcb",
	"label": "cc-jcb"
}, {
	"class": "fa fa-cc-mastercard",
	"label": "cc-mastercard"
}, {
	"class": "fa fa-cc-paypal",
	"label": "cc-paypal"
}, {
	"class": "fa fa-cc-stripe",
	"label": "cc-stripe"
}, {
	"class": "fa fa-cc-visa",
	"label": "cc-visa"
}, {
	"class": "fa fa-credit-card",
	"label": "credit-card"
}, {
	"class": "fa fa-google-wallet",
	"label": "google-wallet"
}, {
	"class": "fa fa-paypal",
	"label": "paypal"
}, {
	"class": "fa fa-area-chart",
	"label": "area-chart"
}, {
	"class": "fa fa-bar-chart",
	"label": "bar-chart"
}, {
	"class": "fa fa-bar-chart-o",
	"label": "bar-chart-o (alias)"
}, {
	"class": "fa fa-line-chart",
	"label": "line-chart"
}, {
	"class": "fa fa-pie-chart",
	"label": "pie-chart"
}, {
	"class": "fa fa-bitcoin",
	"label": "bitcoin (alias)"
}, {
	"class": "fa fa-btc",
	"label": "btc"
}, {
	"class": "fa fa-cny",
	"label": "cny (alias)"
}, {
	"class": "fa fa-dollar",
	"label": "dollar (alias)"
}, {
	"class": "fa fa-eur",
	"label": "eur"
}, {
	"class": "fa fa-euro",
	"label": "euro (alias)"
}, {
	"class": "fa fa-gbp",
	"label": "gbp"
}, {
	"class": "fa fa-gg",
	"label": "gg"
}, {
	"class": "fa fa-gg-circle",
	"label": "gg-circle"
}, {
	"class": "fa fa-ils",
	"label": "ils"
}, {
	"class": "fa fa-inr",
	"label": "inr"
}, {
	"class": "fa fa-jpy",
	"label": "jpy"
}, {
	"class": "fa fa-krw",
	"label": "krw"
}, {
	"class": "fa fa-money",
	"label": "money"
}, {
	"class": "fa fa-rmb",
	"label": "rmb (alias)"
}, {
	"class": "fa fa-rouble",
	"label": "rouble (alias)"
}, {
	"class": "fa fa-rub",
	"label": "rub"
}, {
	"class": "fa fa-ruble",
	"label": "ruble (alias)"
}, {
	"class": "fa fa-rupee",
	"label": "rupee (alias)"
}, {
	"class": "fa fa-shekel",
	"label": "shekel (alias)"
}, {
	"class": "fa fa-sheqel",
	"label": "sheqel (alias)"
}, {
	"class": "fa fa-try",
	"label": "try"
}, {
	"class": "fa fa-turkish-lira",
	"label": "turkish-lira (alias)"
}, {
	"class": "fa fa-usd",
	"label": "usd"
}, {
	"class": "fa fa-won",
	"label": "won (alias)"
}, {
	"class": "fa fa-yen",
	"label": "yen (alias)"
}, {
	"class": "fa fa-align-center",
	"label": "align-center"
}, {
	"class": "fa fa-align-justify",
	"label": "align-justify"
}, {
	"class": "fa fa-align-left",
	"label": "align-left"
}, {
	"class": "fa fa-align-right",
	"label": "align-right"
}, {
	"class": "fa fa-bold",
	"label": "bold"
}, {
	"class": "fa fa-chain",
	"label": "chain (alias)"
}, {
	"class": "fa fa-chain-broken",
	"label": "chain-broken"
}, {
	"class": "fa fa-clipboard",
	"label": "clipboard"
}, {
	"class": "fa fa-columns",
	"label": "columns"
}, {
	"class": "fa fa-copy",
	"label": "copy (alias)"
}, {
	"class": "fa fa-cut",
	"label": "cut (alias)"
}, {
	"class": "fa fa-dedent",
	"label": "dedent (alias)"
}, {
	"class": "fa fa-eraser",
	"label": "eraser"
}, {
	"class": "fa fa-file",
	"label": "file"
}, {
	"class": "fa fa-file-o",
	"label": "file-o"
}, {
	"class": "fa fa-file-text",
	"label": "file-text"
}, {
	"class": "fa fa-file-text-o",
	"label": "file-text-o"
}, {
	"class": "fa fa-files-o",
	"label": "files-o"
}, {
	"class": "fa fa-floppy-o",
	"label": "floppy-o"
}, {
	"class": "fa fa-font",
	"label": "font"
}, {
	"class": "fa fa-header",
	"label": "header"
}, {
	"class": "fa fa-indent",
	"label": "indent"
}, {
	"class": "fa fa-italic",
	"label": "italic"
}, {
	"class": "fa fa-link",
	"label": "link"
}, {
	"class": "fa fa-list",
	"label": "list"
}, {
	"class": "fa fa-list-alt",
	"label": "list-alt"
}, {
	"class": "fa fa-list-ol",
	"label": "list-ol"
}, {
	"class": "fa fa-list-ul",
	"label": "list-ul"
}, {
	"class": "fa fa-outdent",
	"label": "outdent"
}, {
	"class": "fa fa-paperclip",
	"label": "paperclip"
}, {
	"class": "fa fa-paragraph",
	"label": "paragraph"
}, {
	"class": "fa fa-paste",
	"label": "paste (alias)"
}, {
	"class": "fa fa-repeat",
	"label": "repeat"
}, {
	"class": "fa fa-rotate-left",
	"label": "rotate-left (alias)"
}, {
	"class": "fa fa-rotate-right",
	"label": "rotate-right (alias)"
}, {
	"class": "fa fa-save",
	"label": "save (alias)"
}, {
	"class": "fa fa-scissors",
	"label": "scissors"
}, {
	"class": "fa fa-strikethrough",
	"label": "strikethrough"
}, {
	"class": "fa fa-subscript",
	"label": "subscript"
}, {
	"class": "fa fa-superscript",
	"label": "superscript"
}, {
	"class": "fa fa-table",
	"label": "table"
}, {
	"class": "fa fa-text-height",
	"label": "text-height"
}, {
	"class": "fa fa-text-width",
	"label": "text-width"
}, {
	"class": "fa fa-th",
	"label": "th"
}, {
	"class": "fa fa-th-large",
	"label": "th-large"
}, {
	"class": "fa fa-th-list",
	"label": "th-list"
}, {
	"class": "fa fa-underline",
	"label": "underline"
}, {
	"class": "fa fa-undo",
	"label": "undo"
}, {
	"class": "fa fa-unlink",
	"label": "unlink (alias)"
}, {
	"class": "fa fa-angle-double-down",
	"label": "angle-double-down"
}, {
	"class": "fa fa-angle-double-left",
	"label": "angle-double-left"
}, {
	"class": "fa fa-angle-double-right",
	"label": "angle-double-right"
}, {
	"class": "fa fa-angle-double-up",
	"label": "angle-double-up"
}, {
	"class": "fa fa-angle-down",
	"label": "angle-down"
}, {
	"class": "fa fa-angle-left",
	"label": "angle-left"
}, {
	"class": "fa fa-angle-right",
	"label": "angle-right"
}, {
	"class": "fa fa-angle-up",
	"label": "angle-up"
}, {
	"class": "fa fa-arrow-circle-down",
	"label": "arrow-circle-down"
}, {
	"class": "fa fa-arrow-circle-left",
	"label": "arrow-circle-left"
}, {
	"class": "fa fa-arrow-circle-o-down",
	"label": "arrow-circle-o-down"
}, {
	"class": "fa fa-arrow-circle-o-left",
	"label": "arrow-circle-o-left"
}, {
	"class": "fa fa-arrow-circle-o-right",
	"label": "arrow-circle-o-right"
}, {
	"class": "fa fa-arrow-circle-o-up",
	"label": "arrow-circle-o-up"
}, {
	"class": "fa fa-arrow-circle-right",
	"label": "arrow-circle-right"
}, {
	"class": "fa fa-arrow-circle-up",
	"label": "arrow-circle-up"
}, {
	"class": "fa fa-arrow-down",
	"label": "arrow-down"
}, {
	"class": "fa fa-arrow-left",
	"label": "arrow-left"
}, {
	"class": "fa fa-arrow-right",
	"label": "arrow-right"
}, {
	"class": "fa fa-arrow-up",
	"label": "arrow-up"
}, {
	"class": "fa fa-arrows",
	"label": "arrows"
}, {
	"class": "fa fa-arrows-alt",
	"label": "arrows-alt"
}, {
	"class": "fa fa-arrows-h",
	"label": "arrows-h"
}, {
	"class": "fa fa-arrows-v",
	"label": "arrows-v"
}, {
	"class": "fa fa-caret-down",
	"label": "caret-down"
}, {
	"class": "fa fa-caret-left",
	"label": "caret-left"
}, {
	"class": "fa fa-caret-right",
	"label": "caret-right"
}, {
	"class": "fa fa-caret-square-o-down",
	"label": "caret-square-o-down"
}, {
	"class": "fa fa-caret-square-o-left",
	"label": "caret-square-o-left"
}, {
	"class": "fa fa-caret-square-o-right",
	"label": "caret-square-o-right"
}, {
	"class": "fa fa-caret-square-o-up",
	"label": "caret-square-o-up"
}, {
	"class": "fa fa-caret-up",
	"label": "caret-up"
}, {
	"class": "fa fa-chevron-circle-down",
	"label": "chevron-circle-down"
}, {
	"class": "fa fa-chevron-circle-left",
	"label": "chevron-circle-left"
}, {
	"class": "fa fa-chevron-circle-right",
	"label": "chevron-circle-right"
}, {
	"class": "fa fa-chevron-circle-up",
	"label": "chevron-circle-up"
}, {
	"class": "fa fa-chevron-down",
	"label": "chevron-down"
}, {
	"class": "fa fa-chevron-left",
	"label": "chevron-left"
}, {
	"class": "fa fa-chevron-right",
	"label": "chevron-right"
}, {
	"class": "fa fa-chevron-up",
	"label": "chevron-up"
}, {
	"class": "fa fa-exchange",
	"label": "exchange"
}, {
	"class": "fa fa-hand-o-down",
	"label": "hand-o-down"
}, {
	"class": "fa fa-hand-o-left",
	"label": "hand-o-left"
}, {
	"class": "fa fa-hand-o-right",
	"label": "hand-o-right"
}, {
	"class": "fa fa-hand-o-up",
	"label": "hand-o-up"
}, {
	"class": "fa fa-long-arrow-down",
	"label": "long-arrow-down"
}, {
	"class": "fa fa-long-arrow-left",
	"label": "long-arrow-left"
}, {
	"class": "fa fa-long-arrow-right",
	"label": "long-arrow-right"
}, {
	"class": "fa fa-long-arrow-up",
	"label": "long-arrow-up"
}, {
	"class": "fa fa-toggle-down",
	"label": "toggle-down (alias)"
}, {
	"class": "fa fa-toggle-left",
	"label": "toggle-left (alias)"
}, {
	"class": "fa fa-toggle-right",
	"label": "toggle-right (alias)"
}, {
	"class": "fa fa-toggle-up",
	"label": "toggle-up (alias)"
}, {
	"class": "fa fa-arrows-alt",
	"label": "arrows-alt"
}, {
	"class": "fa fa-backward",
	"label": "backward"
}, {
	"class": "fa fa-compress",
	"label": "compress"
}, {
	"class": "fa fa-eject",
	"label": "eject"
}, {
	"class": "fa fa-expand",
	"label": "expand"
}, {
	"class": "fa fa-fast-backward",
	"label": "fast-backward"
}, {
	"class": "fa fa-fast-forward",
	"label": "fast-forward"
}, {
	"class": "fa fa-forward",
	"label": "forward"
}, {
	"class": "fa fa-pause",
	"label": "pause"
}, {
	"class": "fa fa-play",
	"label": "play"
}, {
	"class": "fa fa-play-circle",
	"label": "play-circle"
}, {
	"class": "fa fa-play-circle-o",
	"label": "play-circle-o"
}, {
	"class": "fa fa-random",
	"label": "random"
}, {
	"class": "fa fa-step-backward",
	"label": "step-backward"
}, {
	"class": "fa fa-step-forward",
	"label": "step-forward"
}, {
	"class": "fa fa-stop",
	"label": "stop"
}, {
	"class": "fa fa-youtube-play",
	"label": "youtube-play"
}, {
	"class": "fa fa-500px",
	"label": "500px"
}, {
	"class": "fa fa-adn",
	"label": "adn"
}, {
	"class": "fa fa-amazon",
	"label": "amazon"
}, {
	"class": "fa fa-android",
	"label": "android"
}, {
	"class": "fa fa-angellist",
	"label": "angellist"
}, {
	"class": "fa fa-apple",
	"label": "apple"
}, {
	"class": "fa fa-behance",
	"label": "behance"
}, {
	"class": "fa fa-behance-square",
	"label": "behance-square"
}, {
	"class": "fa fa-bitbucket",
	"label": "bitbucket"
}, {
	"class": "fa fa-bitbucket-square",
	"label": "bitbucket-square"
}, {
	"class": "fa fa-bitcoin",
	"label": "bitcoin (alias)"
}, {
	"class": "fa fa-black-tie",
	"label": "black-tie"
}, {
	"class": "fa fa-btc",
	"label": "btc"
}, {
	"class": "fa fa-buysellads",
	"label": "buysellads"
}, {
	"class": "fa fa-cc-amex",
	"label": "cc-amex"
}, {
	"class": "fa fa-cc-diners-club",
	"label": "cc-diners-club"
}, {
	"class": "fa fa-cc-discover",
	"label": "cc-discover"
}, {
	"class": "fa fa-cc-jcb",
	"label": "cc-jcb"
}, {
	"class": "fa fa-cc-mastercard",
	"label": "cc-mastercard"
}, {
	"class": "fa fa-cc-paypal",
	"label": "cc-paypal"
}, {
	"class": "fa fa-cc-stripe",
	"label": "cc-stripe"
}, {
	"class": "fa fa-cc-visa",
	"label": "cc-visa"
}, {
	"class": "fa fa-chrome",
	"label": "chrome"
}, {
	"class": "fa fa-codepen",
	"label": "codepen"
}, {
	"class": "fa fa-connectdevelop",
	"label": "connectdevelop"
}, {
	"class": "fa fa-contao",
	"label": "contao"
}, {
	"class": "fa fa-css3",
	"label": "css3"
}, {
	"class": "fa fa-dashcube",
	"label": "dashcube"
}, {
	"class": "fa fa-delicious",
	"label": "delicious"
}, {
	"class": "fa fa-deviantart",
	"label": "deviantart"
}, {
	"class": "fa fa-digg",
	"label": "digg"
}, {
	"class": "fa fa-dribbble",
	"label": "dribbble"
}, {
	"class": "fa fa-dropbox",
	"label": "dropbox"
}, {
	"class": "fa fa-drupal",
	"label": "drupal"
}, {
	"class": "fa fa-empire",
	"label": "empire"
}, {
	"class": "fa fa-expeditedssl",
	"label": "expeditedssl"
}, {
	"class": "fa fa-facebook",
	"label": "facebook"
}, {
	"class": "fa fa-facebook-f",
	"label": "facebook-f (alias)"
}, {
	"class": "fa fa-facebook-official",
	"label": "facebook-official"
}, {
	"class": "fa fa-facebook-square",
	"label": "facebook-square"
}, {
	"class": "fa fa-firefox",
	"label": "firefox"
}, {
	"class": "fa fa-flickr",
	"label": "flickr"
}, {
	"class": "fa fa-fonticons",
	"label": "fonticons"
}, {
	"class": "fa fa-forumbee",
	"label": "forumbee"
}, {
	"class": "fa fa-foursquare",
	"label": "foursquare"
}, {
	"class": "fa fa-ge",
	"label": "ge (alias)"
}, {
	"class": "fa fa-get-pocket",
	"label": "get-pocket"
}, {
	"class": "fa fa-gg",
	"label": "gg"
}, {
	"class": "fa fa-gg-circle",
	"label": "gg-circle"
}, {
	"class": "fa fa-git",
	"label": "git"
}, {
	"class": "fa fa-git-square",
	"label": "git-square"
}, {
	"class": "fa fa-github",
	"label": "github"
}, {
	"class": "fa fa-github-alt",
	"label": "github-alt"
}, {
	"class": "fa fa-github-square",
	"label": "github-square"
}, {
	"class": "fa fa-gittip",
	"label": "gittip (alias)"
}, {
	"class": "fa fa-google",
	"label": "google"
}, {
	"class": "fa fa-google-plus",
	"label": "google-plus"
}, {
	"class": "fa fa-google-plus-square",
	"label": "google-plus-square"
}, {
	"class": "fa fa-google-wallet",
	"label": "google-wallet"
}, {
	"class": "fa fa-gratipay",
	"label": "gratipay"
}, {
	"class": "fa fa-hacker-news",
	"label": "hacker-news"
}, {
	"class": "fa fa-houzz",
	"label": "houzz"
}, {
	"class": "fa fa-html5",
	"label": "html5"
}, {
	"class": "fa fa-instagram",
	"label": "instagram"
}, {
	"class": "fa fa-internet-explorer",
	"label": "internet-explorer"
}, {
	"class": "fa fa-ioxhost",
	"label": "ioxhost"
}, {
	"class": "fa fa-joomla",
	"label": "joomla"
}, {
	"class": "fa fa-jsfiddle",
	"label": "jsfiddle"
}, {
	"class": "fa fa-lastfm",
	"label": "lastfm"
}, {
	"class": "fa fa-lastfm-square",
	"label": "lastfm-square"
}, {
	"class": "fa fa-leanpub",
	"label": "leanpub"
}, {
	"class": "fa fa-linkedin",
	"label": "linkedin"
}, {
	"class": "fa fa-linkedin-square",
	"label": "linkedin-square"
}, {
	"class": "fa fa-linux",
	"label": "linux"
}, {
	"class": "fa fa-maxcdn",
	"label": "maxcdn"
}, {
	"class": "fa fa-meanpath",
	"label": "meanpath"
}, {
	"class": "fa fa-medium",
	"label": "medium"
}, {
	"class": "fa fa-odnoklassniki",
	"label": "odnoklassniki"
}, {
	"class": "fa fa-odnoklassniki-square",
	"label": "odnoklassniki-square"
}, {
	"class": "fa fa-opencart",
	"label": "opencart"
}, {
	"class": "fa fa-openid",
	"label": "openid"
}, {
	"class": "fa fa-opera",
	"label": "opera"
}, {
	"class": "fa fa-optin-monster",
	"label": "optin-monster"
}, {
	"class": "fa fa-pagelines",
	"label": "pagelines"
}, {
	"class": "fa fa-paypal",
	"label": "paypal"
}, {
	"class": "fa fa-pied-piper",
	"label": "pied-piper"
}, {
	"class": "fa fa-pied-piper-alt",
	"label": "pied-piper-alt"
}, {
	"class": "fa fa-pinterest",
	"label": "pinterest"
}, {
	"class": "fa fa-pinterest-p",
	"label": "pinterest-p"
}, {
	"class": "fa fa-pinterest-square",
	"label": "pinterest-square"
}, {
	"class": "fa fa-qq",
	"label": "qq"
}, {
	"class": "fa fa-ra",
	"label": "ra (alias)"
}, {
	"class": "fa fa-rebel",
	"label": "rebel"
}, {
	"class": "fa fa-reddit",
	"label": "reddit"
}, {
	"class": "fa fa-reddit-square",
	"label": "reddit-square"
}, {
	"class": "fa fa-renren",
	"label": "renren"
}, {
	"class": "fa fa-safari",
	"label": "safari"
}, {
	"class": "fa fa-sellsy",
	"label": "sellsy"
}, {
	"class": "fa fa-share-alt",
	"label": "share-alt"
}, {
	"class": "fa fa-share-alt-square",
	"label": "share-alt-square"
}, {
	"class": "fa fa-shirtsinbulk",
	"label": "shirtsinbulk"
}, {
	"class": "fa fa-simplybuilt",
	"label": "simplybuilt"
}, {
	"class": "fa fa-skyatlas",
	"label": "skyatlas"
}, {
	"class": "fa fa-skype",
	"label": "skype"
}, {
	"class": "fa fa-slack",
	"label": "slack"
}, {
	"class": "fa fa-slideshare",
	"label": "slideshare"
}, {
	"class": "fa fa-soundcloud",
	"label": "soundcloud"
}, {
	"class": "fa fa-spotify",
	"label": "spotify"
}, {
	"class": "fa fa-stack-exchange",
	"label": "stack-exchange"
}, {
	"class": "fa fa-stack-overflow",
	"label": "stack-overflow"
}, {
	"class": "fa fa-steam",
	"label": "steam"
}, {
	"class": "fa fa-steam-square",
	"label": "steam-square"
}, {
	"class": "fa fa-stumbleupon",
	"label": "stumbleupon"
}, {
	"class": "fa fa-stumbleupon-circle",
	"label": "stumbleupon-circle"
}, {
	"class": "fa fa-tencent-weibo",
	"label": "tencent-weibo"
}, {
	"class": "fa fa-trello",
	"label": "trello"
}, {
	"class": "fa fa-tripadvisor",
	"label": "tripadvisor"
}, {
	"class": "fa fa-tumblr",
	"label": "tumblr"
}, {
	"class": "fa fa-tumblr-square",
	"label": "tumblr-square"
}, {
	"class": "fa fa-twitch",
	"label": "twitch"
}, {
	"class": "fa fa-twitter",
	"label": "twitter"
}, {
	"class": "fa fa-twitter-square",
	"label": "twitter-square"
}, {
	"class": "fa fa-viacoin",
	"label": "viacoin"
}, {
	"class": "fa fa-vimeo",
	"label": "vimeo"
}, {
	"class": "fa fa-vimeo-square",
	"label": "vimeo-square"
}, {
	"class": "fa fa-vine",
	"label": "vine"
}, {
	"class": "fa fa-vk",
	"label": "vk"
}, {
	"class": "fa fa-wechat",
	"label": "wechat (alias)"
}, {
	"class": "fa fa-weibo",
	"label": "weibo"
}, {
	"class": "fa fa-weixin",
	"label": "weixin"
}, {
	"class": "fa fa-whatsapp",
	"label": "whatsapp"
}, {
	"class": "fa fa-wikipedia-w",
	"label": "wikipedia-w"
}, {
	"class": "fa fa-windows",
	"label": "windows"
}, {
	"class": "fa fa-wordpress",
	"label": "wordpress"
}, {
	"class": "fa fa-xing",
	"label": "xing"
}, {
	"class": "fa fa-xing-square",
	"label": "xing-square"
}, {
	"class": "fa fa-y-combinator",
	"label": "y-combinator"
}, {
	"class": "fa fa-y-combinator-square",
	"label": "y-combinator-square (alias)"
}, {
	"class": "fa fa-yahoo",
	"label": "yahoo"
}, {
	"class": "fa fa-yc",
	"label": "yc (alias)"
}, {
	"class": "fa fa-yc-square",
	"label": "yc-square (alias)"
}, {
	"class": "fa fa-yelp",
	"label": "yelp"
}, {
	"class": "fa fa-youtube",
	"label": "youtube"
}, {
	"class": "fa fa-youtube-play",
	"label": "youtube-play"
}, {
	"class": "fa fa-youtube-square",
	"label": "youtube-square"
}, {
	"class": "fa fa-ambulance",
	"label": "ambulance"
}, {
	"class": "fa fa-h-square",
	"label": "h-square"
}, {
	"class": "fa fa-heart",
	"label": "heart"
}, {
	"class": "fa fa-heart-o",
	"label": "heart-o"
}, {
	"class": "fa fa-heartbeat",
	"label": "heartbeat"
}, {
	"class": "fa fa-hospital-o",
	"label": "hospital-o"
}, {
	"class": "fa fa-medkit",
	"label": "medkit"
}, {
	"class": "fa fa-plus-square",
	"label": "plus-square"
}, {
	"class": "fa fa-stethoscope",
	"label": "stethoscope"
}, {
	"class": "fa fa-user-md",
	"label": "user-md"
}, {
	"class": "fa fa-wheelchair",
	"label": "wheelchair"
},
{
	"class": "pg pg-signals",
	"label": "signals"
}, {
	"class": "pg pg-crop",
	"label": "crop"
}, {
	"class": "pg pg-folder_alt",
	"label": "folder_alt"
}, {
	"class": "pg pg-folder",
	"label": "folder"
}, {
	"class": "pg pg-theme",
	"label": "theme"
}, {
	"class": "pg pg-battery_empty",
	"label": "battery_empty"
}, {
	"class": "pg pg-battery",
	"label": "battery"
}, {
	"class": "pg pg-note",
	"label": "note"
}, {
	"class": "pg pg-server_hard",
	"label": "server_hard"
}, {
	"class": "pg pg-servers",
	"label": "servers"
}, {
	"class": "pg pg-menu_justify",
	"label": "menu_justify"
}, {
	"class": "pg pg-credit_card",
	"label": "credit_card"
}, {
	"class": "pg pg-fullscreen_restore",
	"label": "fullscreen_restore"
}, {
	"class": "pg pg-fullscreen",
	"label": "fullscreen"
}, {
	"class": "pg pg-minus",
	"label": "minus"
}, {
	"class": "pg pg-minus_circle",
	"label": "minus_circle"
}, {
	"class": "pg pg-plus_circle",
	"label": "plus_circle"
}, {
	"class": "pg pg-refresh_new",
	"label": "refresh_new"
}, {
	"class": "pg pg-close_line",
	"label": "close_line"
}, {
	"class": "pg pg-close",
	"label": "close"
}, {
	"class": "pg pg-arrow_down",
	"label": "arrow_down"
}, {
	"class": "pg pg-arrow_left_line_alt",
	"label": "arrow_left_line_alt"
}, {
	"class": "pg pg-arrow_left",
	"label": "arrow_left"
}, {
	"class": "pg pg-arrow_lright_line_alt",
	"label": "arrow_lright_line_alt"
}, {
	"class": "pg pg-arrow_maximize_line",
	"label": "arrow_maximize_line"
}, {
	"class": "pg pg-arrow_maximize",
	"label": "arrow_maximize"
}, {
	"class": "pg pg-arrow_minimize_line",
	"label": "arrow_minimize_line"
}, {
	"class": "pg pg-arrow_minimize",
	"label": "arrow_minimize"
}, {
	"class": "pg pg-arrow_right",
	"label": "arrow_right"
}, {
	"class": "pg pg-arrow_up",
	"label": "arrow_up"
}, {
	"class": "pg pg-more",
	"label": "more"
}, {
	"class": "pg pg-bag",
	"label": "bag"
}, {
	"class": "pg pg-bag1",
	"label": "bag1"
}, {
	"class": "pg pg-bold",
	"label": "bold"
}, {
	"class": "pg pg-calender",
	"label": "calender"
}, {
	"class": "pg pg-camera",
	"label": "camera"
}, {
	"class": "pg pg-centeralign",
	"label": "centeralign"
}, {
	"class": "pg pg-charts",
	"label": "charts"
}, {
	"class": "pg pg-clock",
	"label": "clock"
}, {
	"class": "pg pg-comment",
	"label": "comment"
}, {
	"class": "pg pg-contact_book",
	"label": "contact_book"
}, {
	"class": "pg pg-credit_card_line",
	"label": "credit_card_line"
}, {
	"class": "pg pg-cupboard",
	"label": "cupboard"
}, {
	"class": "pg pg-desktop",
	"label": "desktop"
}, {
	"class": "pg pg-download",
	"label": "download"
}, {
	"class": "pg pg-eraser",
	"label": "eraser"
}, {
	"class": "pg pg-extra",
	"label": "extra"
}, {
	"class": "pg pg-form",
	"label": "form"
}, {
	"class": "pg pg-grid",
	"label": "grid"
}, {
	"class": "pg pg-home",
	"label": "home"
}, {
	"class": "pg pg-image",
	"label": "image"
}, {
	"class": "pg pg-inbox",
	"label": "inbox"
}, {
	"class": "pg pg-indent",
	"label": "indent"
}, {
	"class": "pg pg-italic",
	"label": "italic"
}, {
	"class": "pg pg-laptop",
	"label": "laptop"
}, {
	"class": "pg pg-layouts",
	"label": "layouts"
}, {
	"class": "pg pg-layouts2",
	"label": "layouts2"
}, {
	"class": "pg pg-layouts3",
	"label": "layouts3"
}, {
	"class": "pg pg-layouts4",
	"label": "layouts4"
}, {
	"class": "pg pg-leftalign",
	"label": "leftalign"
}, {
	"class": "pg pg-like",
	"label": "like"
}, {
	"class": "pg pg-like1",
	"label": "like1"
}, {
	"class": "pg pg-lock",
	"label": "lock"
}, {
	"class": "pg pg-mail",
	"label": "mail"
}, {
	"class": "pg pg-map",
	"label": "map"
}, {
	"class": "pg pg-menu_lv",
	"label": "menu_lv"
}, {
	"class": "pg pg-menu",
	"label": "menu"
}, {
	"class": "pg pg-movie",
	"label": "movie"
}, {
	"class": "pg pg-ordered_list",
	"label": "ordered_list"
}, {
	"class": "pg pg-outdent",
	"label": "outdent"
}, {
	"class": "pg pg-phone",
	"label": "phone"
}, {
	"class": "pg pg-plus",
	"label": "plus"
}, {
	"class": "pg pg-power",
	"label": "power"
}, {
	"class": "pg pg-printer",
	"label": "printer"
}, {
	"class": "pg pg-refresh",
	"label": "refresh"
}, {
	"class": "pg pg-resize",
	"label": "resize"
}, {
	"class": "pg pg-right_align",
	"label": "right_align"
}, {
	"class": "pg pg-save",
	"label": "save"
}, {
	"class": "pg pg-search",
	"label": "search"
}, {
	"class": "pg pg-sent",
	"label": "sent"
}, {
	"class": "pg pg-settings_small_1",
	"label": "settings_small_1"
}, {
	"class": "pg pg-settings_small",
	"label": "settings_small"
}, {
	"class": "pg pg-settings",
	"label": "settings"
}, {
	"class": "pg pg-shopping_cart",
	"label": "shopping_cart"
}, {
	"class": "pg pg-social",
	"label": "social"
}, {
	"class": "pg pg-spam",
	"label": "spam"
}, {
	"class": "pg pg-suitcase",
	"label": "suitcase"
}, {
	"class": "pg pg-tables",
	"label": "tables"
}, {
	"class": "pg pg-tablet",
	"label": "tablet"
}, {
	"class": "pg pg-telephone",
	"label": "telephone"
}, {
	"class": "pg pg-text_style",
	"label": "text_style"
}, {
	"class": "pg pg-trash_line",
	"label": "trash_line"
}, {
	"class": "pg pg-trash",
	"label": "trash"
}, {
	"class": "pg pg-ui",
	"label": "ui"
}, {
	"class": "pg pg-underline",
	"label": "underline"
}, {
	"class": "pg pg-unordered_list",
	"label": "unordered_list"
}, {
	"class": "pg pg-video",
	"label": "video"
}]