[  
   {  
      "key":"1",
      "profileImages":"",
      "username":"Mohammad Salah",
      "bio":"Lorem ipsum dolor sit amet, consectetur adipiscing elit, sed do eiusmod tempor incididunt ut labore et dolore magna aliqua"
   },
   {  
      "key":"1",
      "profileImages":"",
      "username":"Mohammad Salah",
      "bio":"Lorem ipsum dolor sit amet, consectetur adipiscing elit, sed do eiusmod tempor incididunt ut labore et dolore magna aliqua"
   },
   {  
      "key":"1",
      "profileImages":"",
      "username":"Mohammad Salah",
      "bio":"Lorem ipsum dolor sit amet, consectetur adipiscing elit, sed do eiusmod tempor incididunt ut labore et dolore magna aliqua"
   }
  
]