[  
   {  
      "key":"1",
      "userName":"Anna Mull",
      "reportedBy":"123@fourball.com",
      "reportedOn":"New York",
      "reason":"New York"
   },
   {  
      "key":"2",
      "userName":"Anna Mull",
      "reportedBy":"123@fourball.com",
      "reportedOn":"New York",
      "reason":"New York"
   },
   {  
      "key":"3",
      "userName":"Anna Mull",
      "reportedBy":"123@fourball.com",
      "reportedOn":"New York",
      "reason":"New York"
   },
   {  
      "key":"4",
      "userName":"Anna Mull",
      "reportedBy":"123@fourball.com",
      "reportedOn":"New York",
      "reason":"New York"
   }
  
]