[  
   {  
      "key":"1",
      "name":"Anna Mull",
      "email":"123@fourball.com",
      "city":"New York",
      "state":"New York",
      "country":"United States",
      "dob":"May 27, 1993",
      "joiningDate":"June 20, 2019"
   },
   {  
      "key":"1",
      "name":"Anna Mull",
      "email":"123@fourball.com",
      "city":"New York",
      "state":"New York",
      "country":"United States",
      "dob":"May 27, 1993",
      "joiningDate":"June 20, 2019"
   },
   {  
      "key":"1",
      "name":"Anna Mull",
      "email":"123@fourball.com",
      "city":"Brooklyn",
      "state":"New York",
      "country":"United States",
      "dob":"May 27, 1993",
      "joiningDate":"June 20, 2019"
   },
   {  
      "key":"1",
      "name":"Anna Mull",
      "email":"123@fourball.com",
      "city":"New York",
      "state":"New York",
      "country":"United States",
      "dob":"May 27, 1993",
      "joiningDate":"June 20, 2019"
   }
   
  
]